"KEY LOCATION","VALUE","WEB CALL SETTING","WEB CALL SETTING KEY NAME","ERROR"
"Header","application/xml","123","Content-Type","TempId: more than one record found for external id field: [a0C0S000000Eyp4UAC, a0C0S000000EyokUAC, a0C0S000000EzojUAC, a0C0S000000F0MwUAK]"
"Header","Intuit.wcg.turbotax.salesforce.support","123","intuit_offeringId","TempId: more than one record found for external id field: [a0C0S000000Eyp4UAC, a0C0S000000EyokUAC, a0C0S000000EzojUAC, a0C0S000000F0MwUAK]"
"Url","https://filing-tax-qal.tax.intuit.com/v2/csr/ind/income/efile/status/full","123","URL","TempId: more than one record found for external id field: [a0C0S000000Eyp4UAC, a0C0S000000EyokUAC, a0C0S000000EzojUAC, a0C0S000000F0MwUAK]"
"Content","","123","requestbody","TempId: more than one record found for external id field: [a0C0S000000Eyp4UAC, a0C0S000000EyokUAC, a0C0S000000EzojUAC, a0C0S000000F0MwUAK]"
"Misc","<Criteria1>
<authId>{!authId}</authId>
</Criteria1>","123","CRTauthId","TempId: more than one record found for external id field: [a0C0S000000Eyp4UAC, a0C0S000000EyokUAC, a0C0S000000EzojUAC, a0C0S000000F0MwUAK]"
"Misc","<Criteria6>
<arNumber>{!arNumber}</arNumber>

</Criteria6>","123","CRTarNumber","TempId: more than one record found for external id field: [a0C0S000000Eyp4UAC, a0C0S000000EyokUAC, a0C0S000000EzojUAC, a0C0S000000F0MwUAK]"
"Misc","<Criteria4>
<userName>{!userName}</userName>

</Criteria4>","123","CRTuserName","TempId: more than one record found for external id field: [a0C0S000000Eyp4UAC, a0C0S000000EyokUAC, a0C0S000000EzojUAC, a0C0S000000F0MwUAK]"
"Misc","<Criteria2>
<firstName>{!firstName}</firstName>
<lastName>{!lastName}</lastName>
<postalCode>{!postalCode}</postalCode>
</Criteria2>","123","CRTfullnameSearch","TempId: more than one record found for external id field: [a0C0S000000Eyp4UAC, a0C0S000000EyokUAC, a0C0S000000EzojUAC, a0C0S000000F0MwUAK]"
"Misc","<Criteria5>
<email>{!email}</email>

</Criteria5>","123","CRTemail","TempId: more than one record found for external id field: [a0C0S000000Eyp4UAC, a0C0S000000EyokUAC, a0C0S000000EzojUAC, a0C0S000000F0MwUAK]"
"Misc","<Criteria3>
<phone>{!phone}</phone>

</Criteria3>","123","CRTphone","TempId: more than one record found for external id field: [a0C0S000000Eyp4UAC, a0C0S000000EyokUAC, a0C0S000000EzojUAC, a0C0S000000F0MwUAK]"
"Misc","<Criteria2>

<lastName>{!lastName}</lastName>
<postalCode>{!postalCode}</postalCode>
</Criteria2>","123","CRTnameSearch","TempId: more than one record found for external id field: [a0C0S000000Eyp4UAC, a0C0S000000EyokUAC, a0C0S000000EzojUAC, a0C0S000000F0MwUAK]"
"Method","GET","123","Method","TempId: more than one record found for external id field: [a0C0S000000Eyp4UAC, a0C0S000000EyokUAC, a0C0S000000EzojUAC, a0C0S000000F0MwUAK]"
"Timeout","15000","123","timeout","TempId: more than one record found for external id field: [a0C0S000000Eyp4UAC, a0C0S000000EyokUAC, a0C0S000000EzojUAC, a0C0S000000F0MwUAK]"
